n,depth,node_id,M,N,K,transpose,bytes,consumer_count,class,global_bytes_eliminated,pack_bytes,recompute_ratio,net_gain,c1_large
24,10,0,1,2,2,0,16,1,tileable-with-pack,16,4,0.0000,12,0
24,10,1,1,8,2,0,64,1,tileable-with-pack,64,16,0.0000,48,0
24,10,2,1,2,2,0,16,1,tileable-with-pack,16,4,0.0000,12,0
24,10,3,4,1,2,0,32,1,tileable-with-pack,32,8,0.0000,24,0
24,10,4,2,2,2,1,32,1,tileable-with-pack,32,8,0.0000,24,0
24,10,5,2,8,2,1,128,1,tileable-with-pack,128,32,0.0000,96,0
24,10,6,8,2,2,1,128,1,tileable-with-pack,128,32,0.0000,96,0
24,10,7,1,2,2,0,16,1,tileable-with-pack,16,4,0.0000,12,0
24,10,8,1,8,2,0,64,1,tileable-with-pack,64,16,0.0000,48,0
24,10,9,1,2,2,0,16,1,tileable-with-pack,16,4,0.0000,12,0
24,10,10,4,1,2,0,32,1,tileable-with-pack,32,8,0.0000,24,0
24,10,11,8,2,2,1,128,1,tileable-with-pack,128,32,0.0000,96,0
24,10,12,2,8,2,1,128,1,tileable-with-pack,128,32,0.0000,96,0
24,10,13,8,2,2,1,128,1,tileable-with-pack,128,32,0.0000,96,0
24,10,14,4,4,4,1,128,1,tileable-with-pack,128,32,0.0000,96,0
24,10,15,8,2,2,1,128,1,tileable-with-pack,128,32,0.0000,96,0
24,10,16,2,8,2,1,128,1,tileable-with-pack,128,32,0.0000,96,0
24,10,17,8,8,2,1,512,1,tileable-with-pack,512,128,0.0000,384,0
24,10,18,4,16,4,1,512,1,tileable-with-pack,512,128,0.0000,384,0
24,10,19,2,8,2,1,128,1,tileable-with-pack,128,32,0.0000,96,0
24,10,20,8,2,2,1,128,1,tileable-with-pack,128,32,0.0000,96,0
24,10,21,8,8,2,1,512,1,tileable-with-pack,512,128,0.0000,384,0
24,10,22,32,8,2,1,2048,1,tileable-with-pack,2048,512,0.0000,1536,0
24,10,23,8,32,8,1,2048,1,tileable-with-pack,2048,512,0.0000,1536,0
24,10,24,1,2,2,0,16,1,tileable-with-pack,16,4,0.0000,12,0
24,10,25,1,8,2,0,64,1,tileable-with-pack,64,16,0.0000,48,0
24,10,26,1,2,2,0,16,1,tileable-with-pack,16,4,0.0000,12,0
24,10,27,4,1,2,0,32,1,tileable-with-pack,32,8,0.0000,24,0
24,10,28,2,8,2,1,128,1,tileable-with-pack,128,32,0.0000,96,0
24,10,29,1,2,2,0,16,1,tileable-with-pack,16,4,0.0000,12,0
24,10,30,1,8,2,0,64,1,tileable-with-pack,64,16,0.0000,48,0
24,10,31,1,2,2,0,16,1,tileable-with-pack,16,4,0.0000,12,0
24,10,32,4,1,2,0,32,1,tileable-with-pack,32,8,0.0000,24,0
24,10,33,8,2,2,0,128,1,tileable-with-pack,128,32,0.0000,96,0
24,10,34,8,2,2,1,128,1,tileable-with-pack,128,32,0.0000,96,0
24,10,35,8,8,2,1,512,1,tileable-with-pack,512,128,0.0000,384,0
24,10,36,64,16,4,1,8192,1,tileable-with-pack,8192,2048,0.0000,6144,0
24,10,37,2,8,2,1,128,1,tileable-with-pack,128,32,0.0000,96,0
24,10,38,8,2,2,0,128,1,tileable-with-pack,128,32,0.0000,96,0
24,10,39,8,2,2,1,128,1,tileable-with-pack,128,32,0.0000,96,0
24,10,40,8,8,2,0,512,1,tileable-with-pack,512,128,0.0000,384,0
24,10,41,2,8,2,1,128,1,tileable-with-pack,128,32,0.0000,96,0
24,10,42,8,8,2,1,512,1,tileable-with-pack,512,128,0.0000,384,0
24,10,43,16,16,4,1,2048,1,tileable-with-pack,2048,512,0.0000,1536,0
24,10,44,64,16,16,0,8192,1,direct-gemm-tileable,8192,0,0.0000,8192,0
24,10,45,1,2,2,0,16,1,tileable-with-pack,16,4,0.0000,12,0
24,10,46,1,8,2,0,64,1,tileable-with-pack,64,16,0.0000,48,0
24,10,47,1,2,2,0,16,1,tileable-with-pack,16,4,0.0000,12,0
24,10,48,4,1,2,0,32,1,tileable-with-pack,32,8,0.0000,24,0
24,10,49,8,2,2,1,128,1,tileable-with-pack,128,32,0.0000,96,0
24,10,50,2,8,2,1,128,1,tileable-with-pack,128,32,0.0000,96,0
24,10,51,8,2,2,1,128,1,tileable-with-pack,128,32,0.0000,96,0
24,10,52,2,8,2,1,128,1,tileable-with-pack,128,32,0.0000,96,0
24,10,53,8,8,2,1,512,1,tileable-with-pack,512,128,0.0000,384,0
24,10,54,8,2,2,1,128,1,tileable-with-pack,128,32,0.0000,96,0
24,10,55,8,2,2,1,128,1,tileable-with-pack,128,32,0.0000,96,0
24,10,56,2,8,2,1,128,1,tileable-with-pack,128,32,0.0000,96,0
24,10,57,8,8,2,1,512,1,tileable-with-pack,512,128,0.0000,384,0
24,10,58,16,16,4,1,2048,1,tileable-with-pack,2048,512,0.0000,1536,0
24,10,59,128,32,8,0,32768,1,tileable-with-pack,32768,8192,0.0000,24576,0
24,10,60,2,8,2,1,128,1,tileable-with-pack,128,32,0.0000,96,0
24,10,61,8,2,2,1,128,1,tileable-with-pack,128,32,0.0000,96,0
24,10,62,8,8,2,0,512,1,tileable-with-pack,512,128,0.0000,384,0
24,10,63,8,2,2,1,128,1,tileable-with-pack,128,32,0.0000,96,0
24,10,64,8,2,2,1,128,1,tileable-with-pack,128,32,0.0000,96,0
24,10,65,16,4,4,0,512,1,tileable-with-pack,512,128,0.0000,384,0
24,10,66,8,2,2,1,128,1,tileable-with-pack,128,32,0.0000,96,0
24,10,67,8,2,2,1,128,1,tileable-with-pack,128,32,0.0000,96,0
24,10,68,2,8,2,1,128,1,tileable-with-pack,128,32,0.0000,96,0
24,10,69,8,8,2,0,512,1,tileable-with-pack,512,128,0.0000,384,0
24,10,70,8,8,2,1,512,1,tileable-with-pack,512,128,0.0000,384,0
24,10,71,16,16,4,0,2048,1,tileable-with-pack,2048,512,0.0000,1536,0
24,10,72,32,128,2,1,32768,1,tileable-with-pack,32768,8192,0.0000,24576,0
24,10,73,128,128,32,1,131072,1,direct-gemm-tileable,131072,0,0.0000,131072,0
24,10,74,8,2,2,1,128,1,tileable-with-pack,128,32,0.0000,96,0
24,10,75,8,2,2,1,128,1,tileable-with-pack,128,32,0.0000,96,0
24,10,76,2,8,2,1,128,1,tileable-with-pack,128,32,0.0000,96,0
24,10,77,8,8,2,1,512,1,tileable-with-pack,512,128,0.0000,384,0
24,10,78,8,2,2,1,128,1,tileable-with-pack,128,32,0.0000,96,0
24,10,79,8,2,2,1,128,1,tileable-with-pack,128,32,0.0000,96,0
24,10,80,8,8,2,1,512,1,tileable-with-pack,512,128,0.0000,384,0
24,10,81,16,16,4,1,2048,1,tileable-with-pack,2048,512,0.0000,1536,0
24,10,82,8,2,2,1,128,1,tileable-with-pack,128,32,0.0000,96,0
24,10,83,8,2,2,1,128,1,tileable-with-pack,128,32,0.0000,96,0
24,10,84,2,8,2,1,128,1,tileable-with-pack,128,32,0.0000,96,0
24,10,85,8,8,2,1,512,1,tileable-with-pack,512,128,0.0000,384,0
24,10,86,2,8,2,1,128,1,tileable-with-pack,128,32,0.0000,96,0
24,10,87,8,8,2,1,512,1,tileable-with-pack,512,128,0.0000,384,0
24,10,88,32,32,2,1,8192,1,tileable-with-pack,8192,2048,0.0000,6144,0
24,10,89,64,256,4,1,131072,1,tileable-with-pack,131072,32768,0.0000,98304,0
24,10,90,256,256,64,1,524288,1,direct-gemm-tileable,524288,0,0.0000,524288,0
24,10,91,2,8,2,1,128,1,tileable-with-pack,128,32,0.0000,96,0
24,10,92,8,2,2,1,128,1,tileable-with-pack,128,32,0.0000,96,0
24,10,93,8,8,2,1,512,1,tileable-with-pack,512,128,0.0000,384,0
24,10,94,8,2,2,1,128,1,tileable-with-pack,128,32,0.0000,96,0
24,10,95,8,2,2,1,128,1,tileable-with-pack,128,32,0.0000,96,0
24,10,96,8,8,2,1,512,1,tileable-with-pack,512,128,0.0000,384,0
24,10,97,16,16,4,0,2048,1,tileable-with-pack,2048,512,0.0000,1536,0
24,10,98,4096,16,16,0,524288,1,direct-gemm-tileable,524288,0,0.0000,524288,0
24,10,99,2,8,2,1,128,1,tileable-with-pack,128,32,0.0000,96,0
24,10,100,8,2,2,0,128,1,tileable-with-pack,128,32,0.0000,96,0
24,10,101,2,8,2,1,128,1,tileable-with-pack,128,32,0.0000,96,0
24,10,102,8,2,2,1,128,1,tileable-with-pack,128,32,0.0000,96,0
24,10,103,8,8,2,1,512,1,tileable-with-pack,512,128,0.0000,384,0
24,10,104,8,2,2,1,128,1,tileable-with-pack,128,32,0.0000,96,0
24,10,105,16,4,4,1,512,1,tileable-with-pack,512,128,0.0000,384,0
24,10,106,8,2,2,1,128,1,tileable-with-pack,128,32,0.0000,96,0
24,10,107,2,8,2,1,128,1,tileable-with-pack,128,32,0.0000,96,0
24,10,108,8,8,2,0,512,1,tileable-with-pack,512,128,0.0000,384,0
24,10,109,16,16,4,0,2048,1,tileable-with-pack,2048,512,0.0000,1536,0
24,10,110,2,8,2,1,128,1,tileable-with-pack,128,32,0.0000,96,0
24,10,111,8,2,2,0,128,1,tileable-with-pack,128,32,0.0000,96,0
24,10,112,8,2,2,1,128,1,tileable-with-pack,128,32,0.0000,96,0
24,10,113,8,8,2,1,512,1,tileable-with-pack,512,128,0.0000,384,0
24,10,114,64,16,4,1,8192,1,tileable-with-pack,8192,2048,0.0000,6144,0
24,10,115,8,2,2,1,128,1,tileable-with-pack,128,32,0.0000,96,0
24,10,116,2,8,2,1,128,1,tileable-with-pack,128,32,0.0000,96,0
24,10,117,8,8,2,1,512,1,tileable-with-pack,512,128,0.0000,384,0
24,10,118,8,2,2,1,128,1,tileable-with-pack,128,32,0.0000,96,0
24,10,119,32,8,2,1,2048,1,tileable-with-pack,2048,512,0.0000,1536,0
24,10,120,2,8,2,1,128,1,tileable-with-pack,128,32,0.0000,96,0
24,10,121,8,2,2,1,128,1,tileable-with-pack,128,32,0.0000,96,0
24,10,122,8,8,2,0,512,1,tileable-with-pack,512,128,0.0000,384,0
24,10,123,64,16,4,1,8192,1,tileable-with-pack,8192,2048,0.0000,6144,0
24,10,124,2,8,2,1,128,1,tileable-with-pack,128,32,0.0000,96,0
24,10,125,8,2,2,0,128,1,tileable-with-pack,128,32,0.0000,96,0
24,10,126,8,2,2,1,128,1,tileable-with-pack,128,32,0.0000,96,0
24,10,127,8,8,2,1,512,1,tileable-with-pack,512,128,0.0000,384,0
24,10,128,2,8,2,1,128,1,tileable-with-pack,128,32,0.0000,96,0
24,10,129,32,8,2,1,2048,1,tileable-with-pack,2048,512,0.0000,1536,0
24,10,130,256,64,4,1,131072,1,tileable-with-pack,131072,32768,0.0000,98304,0
24,10,131,64,1024,16,1,524288,1,direct-gemm-tileable,524288,0,0.0000,524288,0
24,10,132,512,512,128,1,2097152,1,direct-gemm-tileable,2097152,0,0.0000,2097152,0
24,10,133,65536,4,4,1,2097152,1,tileable-with-pack,2097152,524288,0.0000,1572864,0
24,10,134,1,2,2,0,16,1,tileable-with-pack,16,4,0.0000,12,0
24,10,135,1,8,2,0,64,1,tileable-with-pack,64,16,0.0000,48,0
24,10,136,1,2,2,0,16,1,tileable-with-pack,16,4,0.0000,12,0
24,10,137,4,1,2,0,32,1,tileable-with-pack,32,8,0.0000,24,0
24,10,138,2,8,2,0,128,1,tileable-with-pack,128,32,0.0000,96,0
24,10,139,8,2,2,1,128,1,tileable-with-pack,128,32,0.0000,96,0
24,10,140,8,8,2,0,512,1,tileable-with-pack,512,128,0.0000,384,0
24,10,141,8,2,2,1,128,1,tileable-with-pack,128,32,0.0000,96,0
24,10,142,16,4,4,0,512,1,tileable-with-pack,512,128,0.0000,384,0
24,10,143,2,8,2,1,128,1,tileable-with-pack,128,32,0.0000,96,0
24,10,144,8,2,2,0,128,1,tileable-with-pack,128,32,0.0000,96,0
24,10,145,8,2,2,1,128,1,tileable-with-pack,128,32,0.0000,96,0
24,10,146,8,8,2,1,512,1,tileable-with-pack,512,128,0.0000,384,0
24,10,147,16,16,4,1,2048,1,tileable-with-pack,2048,512,0.0000,1536,0
24,10,148,1,2,2,0,16,1,tileable-with-pack,16,4,0.0000,12,0
24,10,149,1,8,2,0,64,1,tileable-with-pack,64,16,0.0000,48,0
24,10,150,1,2,2,0,16,1,tileable-with-pack,16,4,0.0000,12,0
24,10,151,4,1,2,0,32,1,tileable-with-pack,32,8,0.0000,24,0
24,10,152,2,8,2,0,128,1,tileable-with-pack,128,32,0.0000,96,0
24,10,153,1,2,2,0,16,1,tileable-with-pack,16,4,0.0000,12,0
24,10,154,1,8,2,0,64,1,tileable-with-pack,64,16,0.0000,48,0
24,10,155,1,2,2,0,16,1,tileable-with-pack,16,4,0.0000,12,0
24,10,156,4,1,2,0,32,1,tileable-with-pack,32,8,0.0000,24,0
24,10,157,8,2,2,0,128,1,tileable-with-pack,128,32,0.0000,96,0
24,10,158,64,4,4,1,2048,1,tileable-with-pack,2048,512,0.0000,1536,0
24,10,159,2,8,2,1,128,1,tileable-with-pack,128,32,0.0000,96,0
24,10,160,8,2,2,0,128,1,tileable-with-pack,128,32,0.0000,96,0
24,10,161,8,2,2,1,128,1,tileable-with-pack,128,32,0.0000,96,0
24,10,162,8,8,2,1,512,1,tileable-with-pack,512,128,0.0000,384,0
24,10,163,64,16,4,1,8192,1,tileable-with-pack,8192,2048,0.0000,6144,0
24,10,164,16384,64,16,1,8388608,1,direct-gemm-tileable,8388608,0,0.0000,8388608,0
24,10,165,8,2,2,1,128,1,tileable-with-pack,128,32,0.0000,96,0
24,10,166,2,8,2,1,128,1,tileable-with-pack,128,32,0.0000,96,0
24,10,167,8,8,2,1,512,1,tileable-with-pack,512,128,0.0000,384,0
24,10,168,32,8,2,1,2048,1,tileable-with-pack,2048,512,0.0000,1536,0
24,10,169,2,8,2,1,128,1,tileable-with-pack,128,32,0.0000,96,0
24,10,170,8,8,2,1,512,1,tileable-with-pack,512,128,0.0000,384,0
24,10,171,128,32,2,1,32768,1,tileable-with-pack,32768,8192,0.0000,24576,0
24,10,172,2048,2,2,1,32768,1,tileable-with-pack,32768,8192,0.0000,24576,0
24,10,173,2,8,2,1,128,1,tileable-with-pack,128,32,0.0000,96,0
24,10,174,8,8,2,1,512,1,tileable-with-pack,512,128,0.0000,384,0
24,10,175,1024,16,4,1,131072,1,tileable-with-pack,131072,32768,0.0000,98304,0
24,10,176,8192,128,128,1,8388608,1,direct-gemm-tileable,8388608,0,0.0000,8388608,0
24,10,177,1,2,2,0,16,1,tileable-with-pack,16,4,0.0000,12,0
24,10,178,1,8,2,0,64,1,tileable-with-pack,64,16,0.0000,48,0
24,10,179,1,2,2,0,16,1,tileable-with-pack,16,4,0.0000,12,0
24,10,180,4,1,2,0,32,1,tileable-with-pack,32,8,0.0000,24,0
24,10,181,2,8,2,0,128,1,tileable-with-pack,128,32,0.0000,96,0
24,10,182,8,2,2,1,128,1,tileable-with-pack,128,32,0.0000,96,0
24,10,183,1,2,2,0,16,1,tileable-with-pack,16,4,0.0000,12,0
24,10,184,1,8,2,0,64,1,tileable-with-pack,64,16,0.0000,48,0
24,10,185,1,2,2,0,16,1,tileable-with-pack,16,4,0.0000,12,0
24,10,186,4,1,2,0,32,1,tileable-with-pack,32,8,0.0000,24,0
24,10,187,8,2,2,1,128,1,tileable-with-pack,128,32,0.0000,96,0
24,10,188,8,8,2,1,512,1,tileable-with-pack,512,128,0.0000,384,0
24,10,189,32,2,2,1,512,1,tileable-with-pack,512,128,0.0000,384,0
24,10,190,2,8,2,1,128,1,tileable-with-pack,128,32,0.0000,96,0
24,10,191,8,8,2,1,512,1,tileable-with-pack,512,128,0.0000,384,0
24,10,192,32,8,2,0,2048,1,tileable-with-pack,2048,512,0.0000,1536,0
24,10,193,16,64,4,0,8192,1,tileable-with-pack,8192,2048,0.0000,6144,0
24,10,194,512,8,2,1,32768,1,tileable-with-pack,32768,8192,0.0000,24576,0
24,10,195,2048,2,2,1,32768,1,tileable-with-pack,32768,8192,0.0000,24576,0
24,10,196,2048,8,2,0,131072,1,tileable-with-pack,131072,32768,0.0000,98304,0
24,10,197,8192,2,2,0,131072,1,tileable-with-pack,131072,32768,0.0000,98304,0
24,10,198,8192,8,2,1,524288,1,tileable-with-pack,524288,131072,0.0000,393216,0
24,10,199,4096,256,256,1,8388608,1,direct-gemm-tileable,8388608,0,0.0000,8388608,0
24,10,200,8,2,2,1,128,1,tileable-with-pack,128,32,0.0000,96,0
24,10,201,2,8,2,1,128,1,tileable-with-pack,128,32,0.0000,96,0
24,10,202,8,8,2,0,512,1,tileable-with-pack,512,128,0.0000,384,0
24,10,203,8,2,2,1,128,1,tileable-with-pack,128,32,0.0000,96,0
24,10,204,32,8,2,0,2048,1,tileable-with-pack,2048,512,0.0000,1536,0
24,10,205,128,2,2,1,2048,1,tileable-with-pack,2048,512,0.0000,1536,0
24,10,206,262144,64,4,1,134217728,1,tileable-with-pack,134217728,33554432,0.0000,100663296,1
24,10,207,8388608,2,2,1,134217728,1,tileable-with-pack,134217728,33554432,0.0000,100663296,1
24,10,208,4194304,4,4,1,134217728,1,tileable-with-pack,134217728,33554432,0.0000,100663296,1
24,10,209,8388608,2,2,1,134217728,1,tileable-with-pack,134217728,33554432,0.0000,100663296,1
24,10,210,4194304,4,4,1,134217728,1,tileable-with-pack,134217728,33554432,0.0000,100663296,1
24,10,211,8388608,2,2,1,134217728,1,tileable-with-pack,134217728,33554432,0.0000,100663296,1
24,10,212,1,2,2,0,16,1,tileable-with-pack,16,4,0.0000,12,0
24,10,213,1,8,2,0,64,1,tileable-with-pack,64,16,0.0000,48,0
24,10,214,1,2,2,0,16,1,tileable-with-pack,16,4,0.0000,12,0
24,10,215,4,1,2,0,32,1,tileable-with-pack,32,8,0.0000,24,0
24,10,216,2,2,2,0,32,1,tileable-with-pack,32,8,0.0000,24,0
24,10,217,2,8,2,1,128,1,tileable-with-pack,128,32,0.0000,96,0
24,10,218,2,8,2,1,128,1,tileable-with-pack,128,32,0.0000,96,0
24,10,219,4,4,4,1,128,1,tileable-with-pack,128,32,0.0000,96,0
24,10,220,8,2,2,1,128,1,tileable-with-pack,128,32,0.0000,96,0
24,10,221,8,2,2,1,128,1,tileable-with-pack,128,32,0.0000,96,0
24,10,222,8,8,2,1,512,1,tileable-with-pack,512,128,0.0000,384,0
24,10,223,1,2,2,0,16,1,tileable-with-pack,16,4,0.0000,12,0
24,10,224,1,8,2,0,64,1,tileable-with-pack,64,16,0.0000,48,0
24,10,225,1,2,2,0,16,1,tileable-with-pack,16,4,0.0000,12,0
24,10,226,4,1,2,0,32,1,tileable-with-pack,32,8,0.0000,24,0
24,10,227,2,8,2,1,128,1,tileable-with-pack,128,32,0.0000,96,0
24,10,228,8,2,2,1,128,1,tileable-with-pack,128,32,0.0000,96,0
24,10,229,32,8,2,1,2048,1,tileable-with-pack,2048,512,0.0000,1536,0
24,10,230,8,2,2,1,128,1,tileable-with-pack,128,32,0.0000,96,0
24,10,231,8,8,2,1,512,1,tileable-with-pack,512,128,0.0000,384,0
24,10,232,32,8,8,0,2048,1,tileable-with-pack,2048,512,0.0000,1536,0
24,10,233,2,8,2,1,128,1,tileable-with-pack,128,32,0.0000,96,0
24,10,234,8,2,2,0,128,1,tileable-with-pack,128,32,0.0000,96,0
24,10,235,64,4,4,1,2048,1,tileable-with-pack,2048,512,0.0000,1536,0
24,10,236,2,8,2,1,128,1,tileable-with-pack,128,32,0.0000,96,0
24,10,237,8,2,2,1,128,1,tileable-with-pack,128,32,0.0000,96,0
24,10,238,8,8,2,1,512,1,tileable-with-pack,512,128,0.0000,384,0
24,10,239,32,8,8,0,2048,1,tileable-with-pack,2048,512,0.0000,1536,0
24,10,240,2,8,2,1,128,1,tileable-with-pack,128,32,0.0000,96,0
24,10,241,8,2,2,1,128,1,tileable-with-pack,128,32,0.0000,96,0
24,10,242,8,2,2,1,128,1,tileable-with-pack,128,32,0.0000,96,0
24,10,243,8,8,2,1,512,1,tileable-with-pack,512,128,0.0000,384,0
24,10,244,8,2,2,1,128,1,tileable-with-pack,128,32,0.0000,96,0
24,10,245,8,2,2,1,128,1,tileable-with-pack,128,32,0.0000,96,0
24,10,246,16,4,4,1,512,1,tileable-with-pack,512,128,0.0000,384,0
24,10,247,64,16,4,0,8192,1,tileable-with-pack,8192,2048,0.0000,6144,0
24,10,248,2,8,2,1,128,1,tileable-with-pack,128,32,0.0000,96,0
24,10,249,8,2,2,0,128,1,tileable-with-pack,128,32,0.0000,96,0
24,10,250,8,2,2,1,128,1,tileable-with-pack,128,32,0.0000,96,0
24,10,251,8,8,2,1,512,1,tileable-with-pack,512,128,0.0000,384,0
24,10,252,8,2,2,1,128,1,tileable-with-pack,128,32,0.0000,96,0
24,10,253,8,2,2,1,128,1,tileable-with-pack,128,32,0.0000,96,0
24,10,254,2,8,2,1,128,1,tileable-with-pack,128,32,0.0000,96,0
24,10,255,8,8,2,1,512,1,tileable-with-pack,512,128,0.0000,384,0
24,10,256,16,16,4,0,2048,1,tileable-with-pack,2048,512,0.0000,1536,0
24,10,257,8,2,2,1,128,1,tileable-with-pack,128,32,0.0000,96,0
24,10,258,8,8,2,1,512,1,tileable-with-pack,512,128,0.0000,384,0
24,10,259,64,16,4,1,8192,1,tileable-with-pack,8192,2048,0.0000,6144,0
24,10,260,64,64,16,1,32768,1,direct-gemm-tileable,32768,0,0.0000,32768,0
24,10,261,2,8,2,1,128,1,tileable-with-pack,128,32,0.0000,96,0
24,10,262,8,2,2,1,128,1,tileable-with-pack,128,32,0.0000,96,0
24,10,263,2,8,2,1,128,1,tileable-with-pack,128,32,0.0000,96,0
24,10,264,8,2,2,0,128,1,tileable-with-pack,128,32,0.0000,96,0
24,10,265,8,8,2,1,512,1,tileable-with-pack,512,128,0.0000,384,0
24,10,266,8,2,2,1,128,1,tileable-with-pack,128,32,0.0000,96,0
24,10,267,8,2,2,1,128,1,tileable-with-pack,128,32,0.0000,96,0
24,10,268,2,8,2,1,128,1,tileable-with-pack,128,32,0.0000,96,0
24,10,269,8,8,2,1,512,1,tileable-with-pack,512,128,0.0000,384,0
24,10,270,16,16,4,1,2048,1,tileable-with-pack,2048,512,0.0000,1536,0
24,10,271,8,2,2,1,128,1,tileable-with-pack,128,32,0.0000,96,0
24,10,272,2,8,2,1,128,1,tileable-with-pack,128,32,0.0000,96,0
24,10,273,8,8,2,1,512,1,tileable-with-pack,512,128,0.0000,384,0
24,10,274,32,8,2,1,2048,1,tileable-with-pack,2048,512,0.0000,1536,0
24,10,275,32,32,8,1,8192,1,tileable-with-pack,8192,2048,0.0000,6144,0
24,10,276,8,2,2,1,128,1,tileable-with-pack,128,32,0.0000,96,0
24,10,277,8,2,2,1,128,1,tileable-with-pack,128,32,0.0000,96,0
24,10,278,2,8,2,1,128,1,tileable-with-pack,128,32,0.0000,96,0
24,10,279,8,8,2,1,512,1,tileable-with-pack,512,128,0.0000,384,0
24,10,280,8,2,2,1,128,1,tileable-with-pack,128,32,0.0000,96,0
24,10,281,8,8,2,1,512,1,tileable-with-pack,512,128,0.0000,384,0
24,10,282,32,32,2,1,8192,1,tileable-with-pack,8192,2048,0.0000,6144,0
24,10,283,64,64,16,0,32768,1,direct-gemm-tileable,32768,0,0.0000,32768,0
24,10,284,8,2,2,1,128,1,tileable-with-pack,128,32,0.0000,96,0
24,10,285,8,2,2,1,128,1,tileable-with-pack,128,32,0.0000,96,0
24,10,286,2,8,2,1,128,1,tileable-with-pack,128,32,0.0000,96,0
24,10,287,8,2,2,0,128,1,tileable-with-pack,128,32,0.0000,96,0
24,10,288,8,8,2,1,512,1,tileable-with-pack,512,128,0.0000,384,0
24,10,289,2,8,2,1,128,1,tileable-with-pack,128,32,0.0000,96,0
24,10,290,8,8,2,1,512,1,tileable-with-pack,512,128,0.0000,384,0
24,10,291,32,8,2,0,2048,1,tileable-with-pack,2048,512,0.0000,1536,0
24,10,292,16,64,4,0,8192,1,tileable-with-pack,8192,2048,0.0000,6144,0
24,10,293,8,8,2,1,512,1,tileable-with-pack,512,128,0.0000,384,0
24,10,294,256,16,4,1,32768,1,tileable-with-pack,32768,8192,0.0000,24576,0
24,10,295,256,256,16,0,524288,1,direct-gemm-tileable,524288,0,0.0000,524288,0
24,10,296,2,8,2,1,128,1,tileable-with-pack,128,32,0.0000,96,0
24,10,297,8,2,2,1,128,1,tileable-with-pack,128,32,0.0000,96,0
24,10,298,8,8,2,1,512,1,tileable-with-pack,512,128,0.0000,384,0
24,10,299,16384,16,4,1,2097152,1,tileable-with-pack,2097152,524288,0.0000,1572864,0
24,10,300,64,4096,64,1,2097152,1,direct-gemm-tileable,2097152,0,0.0000,2097152,0
24,10,301,2,8,2,1,128,1,tileable-with-pack,128,32,0.0000,96,0
24,10,302,8,2,2,0,128,1,tileable-with-pack,128,32,0.0000,96,0
24,10,303,8,2,2,1,128,1,tileable-with-pack,128,32,0.0000,96,0
24,10,304,8,2,2,1,128,1,tileable-with-pack,128,32,0.0000,96,0
24,10,305,8,8,2,1,512,1,tileable-with-pack,512,128,0.0000,384,0
24,10,306,32768,8,8,1,2097152,1,tileable-with-pack,2097152,524288,0.0000,1572864,0
24,10,307,131072,2,2,1,2097152,1,tileable-with-pack,2097152,524288,0.0000,1572864,0
24,10,308,65536,4,4,1,2097152,1,tileable-with-pack,2097152,524288,0.0000,1572864,0
24,10,309,65536,4,4,1,2097152,1,tileable-with-pack,2097152,524288,0.0000,1572864,0
24,10,310,131072,8,2,0,8388608,1,tileable-with-pack,8388608,2097152,0.0000,6291456,0
24,10,311,16384,1024,1024,0,134217728,1,direct-gemm-tileable,134217728,0,0.0000,134217728,1
24,10,312,8388608,2,2,1,134217728,1,tileable-with-pack,134217728,33554432,0.0000,100663296,1
24,10,313,2,8,2,1,128,1,tileable-with-pack,128,32,0.0000,96,0
24,10,314,4194304,4,4,0,134217728,1,tileable-with-pack,134217728,33554432,0.0000,100663296,1
24,10,315,8,2,2,1,128,1,tileable-with-pack,128,32,0.0000,96,0
24,10,316,4194304,4,4,0,134217728,1,tileable-with-pack,134217728,33554432,0.0000,100663296,1
24,10,317,2,8,2,1,128,1,tileable-with-pack,128,32,0.0000,96,0
24,10,318,8,2,2,1,128,1,tileable-with-pack,128,32,0.0000,96,0
24,10,319,8,8,2,1,512,1,tileable-with-pack,512,128,0.0000,384,0
24,10,320,2097152,8,8,0,134217728,1,tileable-with-pack,134217728,33554432,0.0000,100663296,1
24,10,321,2,8,2,1,128,1,tileable-with-pack,128,32,0.0000,96,0
24,10,322,4194304,4,4,0,134217728,1,tileable-with-pack,134217728,33554432,0.0000,100663296,1
24,10,323,8,2,2,1,128,1,tileable-with-pack,128,32,0.0000,96,0
24,10,324,8,2,2,1,128,1,tileable-with-pack,128,32,0.0000,96,0
24,10,325,4194304,4,4,0,134217728,1,tileable-with-pack,134217728,33554432,0.0000,100663296,1
24,10,326,2,8,2,1,128,1,tileable-with-pack,128,32,0.0000,96,0
24,10,327,8,2,2,0,128,1,tileable-with-pack,128,32,0.0000,96,0
24,10,328,8,2,2,1,128,1,tileable-with-pack,128,32,0.0000,96,0
24,10,329,8,8,2,1,512,1,tileable-with-pack,512,128,0.0000,384,0
24,10,330,8,8,2,1,512,1,tileable-with-pack,512,128,0.0000,384,0
24,10,331,16,16,4,0,2048,1,tileable-with-pack,2048,512,0.0000,1536,0
24,10,332,2,8,2,1,128,1,tileable-with-pack,128,32,0.0000,96,0
24,10,333,8,2,2,0,128,1,tileable-with-pack,128,32,0.0000,96,0
24,10,334,8,2,2,1,128,1,tileable-with-pack,128,32,0.0000,96,0
24,10,335,8,8,2,1,512,1,tileable-with-pack,512,128,0.0000,384,0
24,10,336,64,16,4,1,8192,1,tileable-with-pack,8192,2048,0.0000,6144,0
24,10,337,524288,32,32,1,134217728,1,direct-gemm-tileable,134217728,0,0.0000,134217728,1
24,10,338,2,8,2,1,128,1,tileable-with-pack,128,32,0.0000,96,0
24,10,339,8,2,2,0,128,1,tileable-with-pack,128,32,0.0000,96,0
24,10,340,8,2,2,1,128,1,tileable-with-pack,128,32,0.0000,96,0
24,10,341,8,8,2,0,512,1,tileable-with-pack,512,128,0.0000,384,0
24,10,342,8,2,2,1,128,1,tileable-with-pack,128,32,0.0000,96,0
24,10,343,8,8,2,1,512,1,tileable-with-pack,512,128,0.0000,384,0
24,10,344,32,32,2,1,8192,1,tileable-with-pack,8192,2048,0.0000,6144,0
24,10,345,2,8,2,1,128,1,tileable-with-pack,128,32,0.0000,96,0
24,10,346,8,8,2,1,512,1,tileable-with-pack,512,128,0.0000,384,0
24,10,347,8,32,2,1,2048,1,tileable-with-pack,2048,512,0.0000,1536,0
24,10,348,128,32,8,1,32768,1,tileable-with-pack,32768,8192,0.0000,24576,0
24,10,349,262144,64,64,1,134217728,1,direct-gemm-tileable,134217728,0,0.0000,134217728,1
24,10,350,2,8,2,1,128,1,tileable-with-pack,128,32,0.0000,96,0
24,10,351,8,2,2,0,128,1,tileable-with-pack,128,32,0.0000,96,0
24,10,352,8,2,2,1,128,1,tileable-with-pack,128,32,0.0000,96,0
24,10,353,8,8,2,1,512,1,tileable-with-pack,512,128,0.0000,384,0
24,10,354,2097152,8,8,1,134217728,1,tileable-with-pack,134217728,33554432,0.0000,100663296,1
24,10,355,2,8,2,1,128,1,tileable-with-pack,128,32,0.0000,96,0
24,10,356,8,2,2,1,128,1,tileable-with-pack,128,32,0.0000,96,0
24,10,357,8,8,2,1,512,1,tileable-with-pack,512,128,0.0000,384,0
24,10,358,2,8,2,1,128,1,tileable-with-pack,128,32,0.0000,96,0
24,10,359,8,8,2,1,512,1,tileable-with-pack,512,128,0.0000,384,0
24,10,360,16,16,4,0,2048,1,tileable-with-pack,2048,512,0.0000,1536,0
24,10,361,1048576,16,16,1,134217728,1,direct-gemm-tileable,134217728,0,0.0000,134217728,1
24,10,362,8,8,2,1,512,1,tileable-with-pack,512,128,0.0000,384,0
24,10,363,2097152,8,8,1,134217728,1,tileable-with-pack,134217728,33554432,0.0000,100663296,1
24,10,364,8,2,2,1,128,1,tileable-with-pack,128,32,0.0000,96,0
24,10,365,8,2,2,1,128,1,tileable-with-pack,128,32,0.0000,96,0
24,10,366,2,8,2,1,128,1,tileable-with-pack,128,32,0.0000,96,0
24,10,367,8,8,2,0,512,1,tileable-with-pack,512,128,0.0000,384,0
24,10,368,2097152,8,8,1,134217728,1,tileable-with-pack,134217728,33554432,0.0000,100663296,1
24,10,369,2,8,2,1,128,1,tileable-with-pack,128,32,0.0000,96,0
24,10,370,8,8,2,1,512,1,tileable-with-pack,512,128,0.0000,384,0
24,10,371,2097152,8,8,1,134217728,1,tileable-with-pack,134217728,33554432,0.0000,100663296,1
24,10,372,8,2,2,1,128,1,tileable-with-pack,128,32,0.0000,96,0
24,10,373,8,2,2,1,128,1,tileable-with-pack,128,32,0.0000,96,0
24,10,374,2,8,2,1,128,1,tileable-with-pack,128,32,0.0000,96,0
24,10,375,8,8,2,1,512,1,tileable-with-pack,512,128,0.0000,384,0
24,10,376,2097152,8,8,0,134217728,1,tileable-with-pack,134217728,33554432,0.0000,100663296,1
24,10,377,2,8,2,1,128,1,tileable-with-pack,128,32,0.0000,96,0
24,10,378,4194304,4,4,1,134217728,1,tileable-with-pack,134217728,33554432,0.0000,100663296,1
24,10,379,2,8,2,1,128,1,tileable-with-pack,128,32,0.0000,96,0
24,10,380,8,2,2,0,128,1,tileable-with-pack,128,32,0.0000,96,0
24,10,381,8,2,2,1,128,1,tileable-with-pack,128,32,0.0000,96,0
24,10,382,8,2,2,1,128,1,tileable-with-pack,128,32,0.0000,96,0
24,10,383,8,8,2,1,512,1,tileable-with-pack,512,128,0.0000,384,0
24,10,384,8,2,2,1,128,1,tileable-with-pack,128,32,0.0000,96,0
24,10,385,8,2,2,1,128,1,tileable-with-pack,128,32,0.0000,96,0
24,10,386,8,8,2,1,512,1,tileable-with-pack,512,128,0.0000,384,0
24,10,387,16,16,4,1,2048,1,tileable-with-pack,2048,512,0.0000,1536,0
24,10,388,1048576,16,16,1,134217728,1,direct-gemm-tileable,134217728,0,0.0000,134217728,1
24,10,389,8,2,2,1,128,1,tileable-with-pack,128,32,0.0000,96,0
24,10,390,2,8,2,1,128,1,tileable-with-pack,128,32,0.0000,96,0
24,10,391,8,8,2,1,512,1,tileable-with-pack,512,128,0.0000,384,0
24,10,392,2097152,8,8,1,134217728,1,tileable-with-pack,134217728,33554432,0.0000,100663296,1
24,10,393,4194304,4,4,0,134217728,1,tileable-with-pack,134217728,33554432,0.0000,100663296,1
24,10,394,2,8,2,1,128,1,tileable-with-pack,128,32,0.0000,96,0
24,10,395,8,2,2,0,128,1,tileable-with-pack,128,32,0.0000,96,0
24,10,396,8,2,2,1,128,1,tileable-with-pack,128,32,0.0000,96,0
24,10,397,8,2,2,1,128,1,tileable-with-pack,128,32,0.0000,96,0
24,10,398,8,8,2,1,512,1,tileable-with-pack,512,128,0.0000,384,0
24,10,399,2097152,8,8,1,134217728,1,tileable-with-pack,134217728,33554432,0.0000,100663296,1
24,10,400,4194304,4,4,1,134217728,1,tileable-with-pack,134217728,33554432,0.0000,100663296,1
24,10,401,4194304,4,4,0,134217728,1,tileable-with-pack,134217728,33554432,0.0000,100663296,1
24,10,402,2,8,2,1,128,1,tileable-with-pack,128,32,0.0000,96,0
24,10,403,8,2,2,0,128,1,tileable-with-pack,128,32,0.0000,96,0
24,10,404,4194304,4,4,1,134217728,1,tileable-with-pack,134217728,33554432,0.0000,100663296,1
24,10,405,2,8,2,1,128,1,tileable-with-pack,128,32,0.0000,96,0
24,10,406,8,2,2,1,128,1,tileable-with-pack,128,32,0.0000,96,0
24,10,407,8,8,2,1,512,1,tileable-with-pack,512,128,0.0000,384,0
24,10,408,8,2,2,1,128,1,tileable-with-pack,128,32,0.0000,96,0
24,10,409,2,8,2,1,128,1,tileable-with-pack,128,32,0.0000,96,0
24,10,410,8,8,2,1,512,1,tileable-with-pack,512,128,0.0000,384,0
24,10,411,16,16,4,1,2048,1,tileable-with-pack,2048,512,0.0000,1536,0
24,10,412,1048576,16,16,1,134217728,1,direct-gemm-tileable,134217728,0,0.0000,134217728,1
24,10,413,8,2,2,1,128,1,tileable-with-pack,128,32,0.0000,96,0
24,10,414,8,2,2,1,128,1,tileable-with-pack,128,32,0.0000,96,0
24,10,415,2,8,2,1,128,1,tileable-with-pack,128,32,0.0000,96,0
24,10,416,8,8,2,1,512,1,tileable-with-pack,512,128,0.0000,384,0
24,10,417,2,8,2,1,128,1,tileable-with-pack,128,32,0.0000,96,0
24,10,418,8,8,2,1,512,1,tileable-with-pack,512,128,0.0000,384,0
24,10,419,32,8,2,1,2048,1,tileable-with-pack,2048,512,0.0000,1536,0
24,10,420,32,128,2,1,32768,1,tileable-with-pack,32768,8192,0.0000,24576,0
24,10,421,262144,64,64,0,134217728,1,direct-gemm-tileable,134217728,0,0.0000,134217728,1
24,10,422,8388608,2,2,1,134217728,1,tileable-with-pack,134217728,33554432,0.0000,100663296,1
24,10,423,2,8,2,1,128,1,tileable-with-pack,128,32,0.0000,96,0
24,10,424,4194304,4,4,1,134217728,1,tileable-with-pack,134217728,33554432,0.0000,100663296,1
24,10,425,4194304,4,4,1,134217728,1,tileable-with-pack,134217728,33554432,0.0000,100663296,1
24,10,426,2,8,2,1,128,1,tileable-with-pack,128,32,0.0000,96,0
24,10,427,8,2,2,0,128,1,tileable-with-pack,128,32,0.0000,96,0
24,10,428,8,2,2,1,128,1,tileable-with-pack,128,32,0.0000,96,0
24,10,429,8,8,2,1,512,1,tileable-with-pack,512,128,0.0000,384,0
24,10,430,4,16,4,1,512,1,tileable-with-pack,512,128,0.0000,384,0
24,10,431,2097152,8,8,1,134217728,1,tileable-with-pack,134217728,33554432,0.0000,100663296,1
24,10,432,8,2,2,1,128,1,tileable-with-pack,128,32,0.0000,96,0
24,10,433,8,2,2,1,128,1,tileable-with-pack,128,32,0.0000,96,0
24,10,434,4194304,4,4,1,134217728,1,tileable-with-pack,134217728,33554432,0.0000,100663296,1
24,10,435,8,2,2,1,128,1,tileable-with-pack,128,32,0.0000,96,0
24,10,436,8,2,2,1,128,1,tileable-with-pack,128,32,0.0000,96,0
24,10,437,2,8,2,1,128,1,tileable-with-pack,128,32,0.0000,96,0
24,10,438,8,8,2,1,512,1,tileable-with-pack,512,128,0.0000,384,0
24,10,439,8,2,2,1,128,1,tileable-with-pack,128,32,0.0000,96,0
24,10,440,8,2,2,1,128,1,tileable-with-pack,128,32,0.0000,96,0
24,10,441,2,8,2,1,128,1,tileable-with-pack,128,32,0.0000,96,0
24,10,442,8,8,2,1,512,1,tileable-with-pack,512,128,0.0000,384,0
24,10,443,16,16,4,1,2048,1,tileable-with-pack,2048,512,0.0000,1536,0
24,10,444,1048576,16,16,1,134217728,1,direct-gemm-tileable,134217728,0,0.0000,134217728,1
24,10,445,8,2,2,1,128,1,tileable-with-pack,128,32,0.0000,96,0
24,10,446,8,2,2,1,128,1,tileable-with-pack,128,32,0.0000,96,0
24,10,447,2,8,2,1,128,1,tileable-with-pack,128,32,0.0000,96,0
24,10,448,8,8,2,1,512,1,tileable-with-pack,512,128,0.0000,384,0
24,10,449,2097152,8,8,1,134217728,1,tileable-with-pack,134217728,33554432,0.0000,100663296,1
24,10,450,8,2,2,1,128,1,tileable-with-pack,128,32,0.0000,96,0
24,10,451,8,2,2,1,128,1,tileable-with-pack,128,32,0.0000,96,0
24,10,452,8,8,2,1,512,1,tileable-with-pack,512,128,0.0000,384,0
24,10,453,2097152,8,8,0,134217728,1,tileable-with-pack,134217728,33554432,0.0000,100663296,1
24,10,454,8,2,2,1,128,1,tileable-with-pack,128,32,0.0000,96,0
24,10,455,8,2,2,1,128,1,tileable-with-pack,128,32,0.0000,96,0
24,10,456,8,8,2,1,512,1,tileable-with-pack,512,128,0.0000,384,0
24,10,457,2097152,8,8,0,134217728,1,tileable-with-pack,134217728,33554432,0.0000,100663296,1
24,10,458,8,2,2,1,128,1,tileable-with-pack,128,32,0.0000,96,0
24,10,459,8,2,2,1,128,1,tileable-with-pack,128,32,0.0000,96,0
24,10,460,2,8,2,1,128,1,tileable-with-pack,128,32,0.0000,96,0
24,10,461,8,2,2,0,128,1,tileable-with-pack,128,32,0.0000,96,0
24,10,462,8,8,2,1,512,1,tileable-with-pack,512,128,0.0000,384,0
24,10,463,8,2,2,1,128,1,tileable-with-pack,128,32,0.0000,96,0
24,10,464,8,2,2,1,128,1,tileable-with-pack,128,32,0.0000,96,0
24,10,465,32,8,2,1,2048,1,tileable-with-pack,2048,512,0.0000,1536,0
24,10,466,1048576,16,16,0,134217728,1,direct-gemm-tileable,134217728,0,0.0000,134217728,1
24,10,467,2,8,2,1,128,1,tileable-with-pack,128,32,0.0000,96,0
24,10,468,8,2,2,1,128,1,tileable-with-pack,128,32,0.0000,96,0
24,10,469,8,2,2,1,128,1,tileable-with-pack,128,32,0.0000,96,0
24,10,470,8,8,2,1,512,1,tileable-with-pack,512,128,0.0000,384,0
24,10,471,2,8,2,1,128,1,tileable-with-pack,128,32,0.0000,96,0
24,10,472,8,2,2,1,128,1,tileable-with-pack,128,32,0.0000,96,0
24,10,473,16,4,4,1,512,1,tileable-with-pack,512,128,0.0000,384,0
24,10,474,2,8,2,1,128,1,tileable-with-pack,128,32,0.0000,96,0
24,10,475,8,2,2,0,128,1,tileable-with-pack,128,32,0.0000,96,0
24,10,476,8,8,2,0,512,1,tileable-with-pack,512,128,0.0000,384,0
24,10,477,2,8,2,1,128,1,tileable-with-pack,128,32,0.0000,96,0
24,10,478,32,8,2,1,2048,1,tileable-with-pack,2048,512,0.0000,1536,0
24,10,479,8,32,8,1,2048,1,tileable-with-pack,2048,512,0.0000,1536,0
24,10,480,1048576,16,16,1,134217728,1,direct-gemm-tileable,134217728,0,0.0000,134217728,1
24,10,481,2,8,2,1,128,1,tileable-with-pack,128,32,0.0000,96,0
24,10,482,8,2,2,1,128,1,tileable-with-pack,128,32,0.0000,96,0
24,10,483,8,8,2,1,512,1,tileable-with-pack,512,128,0.0000,384,0
24,10,484,2,8,2,1,128,1,tileable-with-pack,128,32,0.0000,96,0
24,10,485,8,2,2,0,128,1,tileable-with-pack,128,32,0.0000,96,0
24,10,486,8,8,2,1,512,1,tileable-with-pack,512,128,0.0000,384,0
24,10,487,16,16,4,1,2048,1,tileable-with-pack,2048,512,0.0000,1536,0
24,10,488,8,2,2,1,128,1,tileable-with-pack,128,32,0.0000,96,0
24,10,489,8,2,2,1,128,1,tileable-with-pack,128,32,0.0000,96,0
24,10,490,8,8,2,0,512,1,tileable-with-pack,512,128,0.0000,384,0
24,10,491,64,16,4,0,8192,1,tileable-with-pack,8192,2048,0.0000,6144,0
24,10,492,8,2,2,1,128,1,tileable-with-pack,128,32,0.0000,96,0
24,10,493,2,8,2,1,128,1,tileable-with-pack,128,32,0.0000,96,0
24,10,494,8,8,2,0,512,1,tileable-with-pack,512,128,0.0000,384,0
24,10,495,8,2,2,1,128,1,tileable-with-pack,128,32,0.0000,96,0
24,10,496,8,2,2,1,128,1,tileable-with-pack,128,32,0.0000,96,0
24,10,497,32,8,2,1,2048,1,tileable-with-pack,2048,512,0.0000,1536,0
24,10,498,128,32,8,1,32768,1,tileable-with-pack,32768,8192,0.0000,24576,0
24,10,499,262144,64,64,0,134217728,1,direct-gemm-tileable,134217728,0,0.0000,134217728,1
24,10,500,2,8,2,1,128,1,tileable-with-pack,128,32,0.0000,96,0
24,10,501,8,2,2,0,128,1,tileable-with-pack,128,32,0.0000,96,0
24,10,502,8,2,2,1,128,1,tileable-with-pack,128,32,0.0000,96,0
24,10,503,8,2,2,1,128,1,tileable-with-pack,128,32,0.0000,96,0
24,10,504,8,8,2,1,512,1,tileable-with-pack,512,128,0.0000,384,0
24,10,505,8,2,2,1,128,1,tileable-with-pack,128,32,0.0000,96,0
24,10,506,8,2,2,1,128,1,tileable-with-pack,128,32,0.0000,96,0
24,10,507,32,8,2,1,2048,1,tileable-with-pack,2048,512,0.0000,1536,0
24,10,508,1048576,16,16,1,134217728,1,direct-gemm-tileable,134217728,0,0.0000,134217728,1
24,10,509,8,2,2,1,128,1,tileable-with-pack,128,32,0.0000,96,0
24,10,510,8,2,2,1,128,1,tileable-with-pack,128,32,0.0000,96,0
24,10,511,2,8,2,1,128,1,tileable-with-pack,128,32,0.0000,96,0
24,10,512,8,8,2,1,512,1,tileable-with-pack,512,128,0.0000,384,0
24,10,513,8,2,2,1,128,1,tileable-with-pack,128,32,0.0000,96,0
24,10,514,8,2,2,1,128,1,tileable-with-pack,128,32,0.0000,96,0
24,10,515,32,8,2,1,2048,1,tileable-with-pack,2048,512,0.0000,1536,0
24,10,516,1048576,16,16,1,134217728,1,direct-gemm-tileable,134217728,0,0.0000,134217728,1
